title,description,tech_stack,genre
E-commerce Website,"Build a complete e-commerce platform with product listing, payment gateway, and order management.","HTML, CSS, JavaScript, Node.js, MongoDB",Web Development
Blogging Platform,"Create a multi-user blogging platform with user authentication, post creation, and comment features.","React, Node.js, MongoDB, Express",Web Development
Portfolio Website,"Develop a personal portfolio website showcasing projects, skills, and contact information.","HTML, CSS, JavaScript",Web Development
Event Management System,An online platform for event organizers to create and manage events and attendees to register.,"React, Firebase",Event Management
Online Learning Platform,"Create a platform offering courses, assessments, and certifications for online learners.","Django, PostgreSQL, React",Web Development
Chat Application,Develop a real-time chat application supporting multiple rooms and direct messaging.,"Socket.io, Node.js, MongoDB",Web Development
Recipe Sharing Website,"A website where users can share and discover new recipes, with a rating system.","PHP, MySQL, Bootstrap",Web Development
Weather App,A weather forecasting app displaying current conditions and a 7-day forecast based on location.,"React, OpenWeather API",Web Development
Task Management App,A task management app to organize and prioritize personal tasks with notifications.,"React Native, Firebase",Web Development
Fitness Tracker,"Build an app to track workouts, log progress, and set fitness goals.","Flutter, Firebase",Mobile Development
AI Chatbot,Develop a chatbot that can answer customer queries using AI-powered natural language processing.,"Python, TensorFlow, Flask",AI
Fitness Tracker App,"Create an app that tracks users' fitness activities, monitors heart rate, and provides personalized workout recommendations.","React Native, Firebase, REST API",Web Development
Expense Tracker,Develop a simple web app that helps users track their daily expenses and manage budgets.,"Vue.js, Node.js, SQLite",Mobile Development
Weather Forecast Application,Create a weather forecast app that provides real-time weather data and predictions for different regions.,"React, OpenWeather API, Node.js",Mobile Development
Online Survey System,"Design a platform where users can create, distribute, and analyze surveys in real time.","Django, PostgreSQL, JavaScript",Web Development
Virtual Reality Tour Guide,Develop a virtual reality application that offers interactive tours of famous locations around the world.,"Unity, C#, VR SDKs",VR
Personal Finance Dashboard,"Create a dashboard that aggregates data from multiple bank accounts, credit cards, and investment platforms.","React, Node.js, OAuth, D3.js",Web Development
Recipe Recommendation System,Build an app that recommends recipes based on the ingredients available in users' kitchens.,"Python, Flask, Machine Learning",AI
Blockchain Voting System,Develop a secure voting system using blockchain technology to ensure transparency and avoid tampering.,"Ethereum, Solidity, Web3.js",Blockchain
Job Board Website,Create a platform that allows companies to post jobs and candidates to apply for open positions.,"Next.js, Node.js, MongoDB",Web Development
Social Media Aggregator,Create a platform that aggregates posts and updates from multiple social media platforms into a single feed.,"React, Node.js, Social Media APIs",Mobile Development
Online Tutoring Platform,Develop a system where students can connect with tutors for real-time online sessions.,"React, WebRTC, Firebase",Web Development
Restaurant Reservation System,Build a system that allows users to reserve tables at restaurants and track their dining history.,"Node.js, MongoDB, React",Web Development
Language Learning App,"Create an app that helps users learn a new language with interactive lessons, quizzes, and games.","React Native, Node.js, PostgreSQL",Learning
Home Automation System,"Build a smart home automation system that allows users to control lighting, heating, and appliances remotely.","Arduino, IoT, Python",IoT
Music Streaming Service,"Develop a web app where users can stream, upload, and share their favorite music tracks.","Node.js, MongoDB, React",Web Development
NFT Marketplace,"Build a platform for users to buy, sell, and trade digital assets as NFTs (Non-Fungible Tokens).","Ethereum, Solidity, IPFS",Blockchain
Mental Health Support App,"Create a mobile app that offers mental health resources, mindfulness exercises, and counseling services.","Flutter, Firebase, Twilio API",Mobile Development
Online Bookstore,"Develop a bookstore website where users can browse, review, and purchase books.","Django, PostgreSQL, React",Web Development
Time Management Tool,"Create a tool to help users manage their time efficiently with task lists, reminders, and analytics.","Vue.js, Node.js, MongoDB",Mobile Development
AI-Based Resume Screening,Build a system that uses AI to screen resumes and rank candidates for job applications.,"Python, TensorFlow, Flask, MongoDB",AI
Travel Planner,"Design a travel planner app that helps users organize their trips, including booking flights, hotels, and activities.","React, Node.js, Third-party APIs",Web Development
Virtual Event Platform,"Create an online platform for hosting virtual conferences, meetups, and webinars with real-time chat and video streaming.","React, WebRTC, Firebase",Web Development
Online Grocery Delivery System,Develop a platform where users can order groceries online and schedule deliveries.,"React, Node.js, MongoDB",Mobile Development
Peer-to-Peer Lending System,"Build a platform that facilitates peer-to-peer loans, allowing individuals to lend or borrow money directly.","Node.js, Ethereum, Solidity",Mobile Development
AI Music Generator,"Create an AI-powered app that composes original music based on input parameters like mood, tempo, and genre.","Python, TensorFlow, Flask",AI
Personalized News Aggregator,Develop a news aggregator that tailors content based on users' reading preferences and browsing history.,"React, Node.js, News API",Mobile Development
Smart Parking System,Create a smart parking solution that allows users to find available parking spots in real time.,"IoT, Python, AWS",IoT
Online Quiz Platform,"Build a platform where users can take quizzes, participate in competitions, and track their scores.","Django, PostgreSQL, React",Web Development
AI-Powered Content Recommendation,Develop a recommendation engine that provides personalized content suggestions based on users' interests.,"Python, Machine Learning, Flask",AI
Mobile Banking App,"Create a mobile banking app that allows users to manage their bank accounts, make transfers, and pay bills.","Flutter, Firebase, REST API",Mobile Development
Virtual Pet App,"Develop a mobile app where users can adopt, feed, and take care of virtual pets.","React Native, Firebase, Node.js",Mobile Development
Task Automation Tool,"Create a tool that automates repetitive tasks such as data entry, file backups, and email scheduling.","Python, Selenium, Cron Jobs",Mobile Development
Augmented Reality Shopping App,Build an AR app that allows users to visualize products in their home before purchasing.,"ARKit, Swift, Firebase",AR
Online Event Ticketing System,"Develop a platform that lets users purchase, sell, and manage event tickets.","React, Node.js, Stripe API",Event Management
Voice-Controlled Home Assistant,"Create a home assistant system that uses voice recognition to control lights, appliances, and other devices.","Python, Alexa API, Raspberry Pi",IoT
Podcast Hosting Platform,"Develop a platform where podcasters can upload, share, and monetize their content.","Node.js, React, Firebase",Web Development
AI-Based Fraud Detection System,Create a fraud detection system that uses machine learning algorithms to identify suspicious transactions.,"Python, TensorFlow, Flask",AI
Decentralized File Storage,Build a decentralized file storage platform using blockchain to ensure data security and availability.,"IPFS, Ethereum, Solidity",Blockchain
